Source,Target,Weight
Action,Adventure,1252
Action,Comedy,1110
Action,Drama,649
Action,Sci-Fi,1294
Action,Space,261
Action,Mystery,257
Action,Shounen,910
Action,Police,122
Action,Supernatural,575
Action,Magic,389
Action,Sports,147
Action,Cars,40
Action,Seinen,301
Action,SuperPower,439
Action,MartialArts,326
Action,Fantasy,1139
Action,School,250
Action,Ecchi,219
Action,Psychological,77
Action,Vampire,65
Action,Military,364
Action,Historical,328
Action,Dementia,14
Action,Mecha,683
Action,Demons,210
Action,Horror,145
Action,Romance,334
Action,Samurai,127
Action,Shoujo,85
Action,ShoujoAi,13
Action,Josei,18
Action,ShounenAi,13
Action,Music,86
Action,Harem,88
Action,Parody,100
Action,Game,144
Action,SliceofLife,43
Action,Kids,169
Action,Thriller,41
Action,Yaoi,2
Adventure,Comedy,1085
Adventure,Drama,465
Adventure,Sci-Fi,746
Adventure,Space,146
Adventure,Shounen,713
Adventure,Fantasy,1269
Adventure,Supernatural,264
Adventure,SuperPower,150
Adventure,MartialArts,163
Adventure,Ecchi,74
Adventure,Demons,129
Adventure,Horror,60
Adventure,Military,102
Adventure,Romance,284
Adventure,Seinen,124
Adventure,Historical,277
Adventure,Samurai,44
Adventure,Game,94
Adventure,Mystery,181
Adventure,Magic,318
Adventure,Mecha,308
Adventure,Sports,43
Adventure,Shoujo,78
Adventure,Psychological,27
Adventure,Josei,9
Adventure,School,48
Adventure,Police,74
Adventure,Vampire,10
Adventure,Cars,30
Adventure,Thriller,9
Adventure,SliceofLife,82
Adventure,ShoujoAi,2
Adventure,Kids,537
Adventure,Music,47
Adventure,Harem,27
Adventure,Dementia,7
Adventure,ShounenAi,6
Adventure,Parody,32
Comedy,Drama,562
Comedy,Sci-Fi,729
Comedy,Space,92
Comedy,Shounen,1085
Comedy,Sports,271
Comedy,Josei,45
Comedy,Romance,920
Comedy,SliceofLife,1034
Comedy,SuperPower,276
Comedy,MartialArts,118
Comedy,Fantasy,1083
Comedy,School,944
Comedy,Ecchi,543
Comedy,Historical,241
Comedy,Samurai,60
Comedy,Magic,439
Comedy,Seinen,445
Comedy,Supernatural,530
Comedy,Harem,244
Comedy,Music,186
Comedy,Shoujo,245
Comedy,Military,74
Comedy,Mecha,240
Comedy,ShoujoAi,41
Comedy,Horror,85
Comedy,Psychological,40
Comedy,Demons,142
Comedy,Mystery,239
Comedy,Game,90
Comedy,Kids,675
Comedy,Parody,539
Comedy,Dementia,37
Comedy,Police,124
Comedy,ShounenAi,47
Comedy,Vampire,51
Comedy,Cars,17
Comedy,Yaoi,11
Comedy,Thriller,12
Drama,Sci-Fi,511
Drama,Space,150
Drama,Mystery,175
Drama,Shounen,301
Drama,Police,31
Drama,Supernatural,281
Drama,Magic,150
Drama,Josei,35
Drama,Romance,668
Drama,SliceofLife,392
Drama,Cars,13
Drama,Sports,169
Drama,Seinen,183
Drama,Horror,93
Drama,Psychological,143
Drama,Thriller,44
Drama,SuperPower,70
Drama,Fantasy,409
Drama,Military,219
Drama,Historical,371
Drama,Dementia,32
Drama,Mecha,206
Drama,Demons,66
Drama,MartialArts,59
Drama,Samurai,45
Drama,Shoujo,211
Drama,Harem,52
Drama,Music,152
Drama,Ecchi,54
Drama,School,284
Drama,ShoujoAi,20
Drama,ShounenAi,48
Drama,Vampire,24
Drama,Kids,231
Drama,Yaoi,21
Drama,Game,27
Drama,Parody,10
Sci-Fi,Space,424
Sci-Fi,Mystery,112
Sci-Fi,Shounen,508
Sci-Fi,Ecchi,116
Sci-Fi,Psychological,109
Sci-Fi,Military,338
Sci-Fi,Historical,60
Sci-Fi,Seinen,108
Sci-Fi,Dementia,20
Sci-Fi,Mecha,837
Sci-Fi,Police,90
Sci-Fi,Horror,71
Sci-Fi,Supernatural,117
Sci-Fi,Game,46
Sci-Fi,Magic,99
Sci-Fi,Fantasy,293
Sci-Fi,Sports,50
Sci-Fi,Romance,278
Sci-Fi,Harem,62
Sci-Fi,SuperPower,189
Sci-Fi,MartialArts,34
Sci-Fi,ShoujoAi,7
Sci-Fi,Music,102
Sci-Fi,Samurai,26
Sci-Fi,School,117
Sci-Fi,Parody,98
Sci-Fi,Shoujo,33
Sci-Fi,Thriller,25
Sci-Fi,SliceofLife,86
Sci-Fi,Vampire,7
Sci-Fi,Cars,11
Sci-Fi,Demons,32
Sci-Fi,Yaoi,2
Sci-Fi,Kids,178
Sci-Fi,ShounenAi,7
Sci-Fi,Josei,3
Space,Mystery,6
Space,Romance,49
Space,Mecha,211
Space,Military,155
Space,Horror,11
Space,MartialArts,3
Space,Sports,2
Space,Fantasy,20
Space,Psychological,7
Space,Shounen,71
Space,Supernatural,7
Space,Ecchi,10
Space,Parody,12
Space,Seinen,24
Space,SuperPower,10
Space,Harem,7
Space,School,7
Space,Music,40
Space,SliceofLife,11
Space,Police,3
Space,Demons,1
Space,Historical,3
Space,Shoujo,1
Space,Kids,32
Space,Magic,5
Space,Game,4
Space,Cars,3
Space,Dementia,3
Space,Vampire,1
Mystery,Police,92
Mystery,Supernatural,224
Mystery,Magic,23
Mystery,Horror,92
Mystery,Psychological,105
Mystery,Seinen,93
Mystery,Thriller,61
Mystery,Game,14
Mystery,Fantasy,107
Mystery,Shounen,142
Mystery,SuperPower,64
Mystery,Demons,31
Mystery,Romance,74
Mystery,Shoujo,26
Mystery,Josei,8
Mystery,ShounenAi,4
Mystery,Military,21
Mystery,Vampire,19
Mystery,Mecha,19
Mystery,Music,10
Mystery,Historical,58
Mystery,Dementia,13
Mystery,SliceofLife,28
Mystery,Ecchi,11
Mystery,ShoujoAi,2
Mystery,Parody,9
Mystery,School,50
Mystery,Kids,29
Mystery,MartialArts,20
Mystery,Harem,4
Mystery,Samurai,1
Mystery,Sports,3
Shounen,Fantasy,481
Shounen,Supernatural,303
Shounen,Sports,301
Shounen,SliceofLife,117
Shounen,SuperPower,203
Shounen,MartialArts,126
Shounen,School,314
Shounen,Romance,247
Shounen,Ecchi,131
Shounen,Historical,99
Shounen,Samurai,51
Shounen,Military,63
Shounen,Police,72
Shounen,Mecha,229
Shounen,Music,20
Shounen,Demons,97
Shounen,Harem,74
Shounen,Psychological,25
Shounen,Magic,147
Shounen,Game,73
Shounen,ShoujoAi,2
Shounen,Horror,49
Shounen,Kids,81
Shounen,Parody,68
Shounen,Cars,19
Shounen,Vampire,25
Shounen,Thriller,9
Shounen,Dementia,1
Police,Supernatural,12
Police,Magic,6
Police,Horror,5
Police,Psychological,28
Police,Seinen,26
Police,Thriller,11
Police,Mecha,53
Police,Military,19
Police,Dementia,2
Police,Romance,12
Police,ShounenAi,1
Police,Ecchi,6
Police,Cars,6
Police,Harem,2
Police,MartialArts,3
Police,Music,1
Police,Parody,3
Police,School,1
Police,Shoujo,2
Police,Kids,9
Police,SliceofLife,5
Police,SuperPower,1
Police,Samurai,1
Police,Historical,3
Police,Sports,5
Police,Demons,1
Police,Fantasy,9
Police,Vampire,4
Police,Josei,1
Police,Game,1
Supernatural,Magic,187
Supernatural,Fantasy,385
Supernatural,Vampire,90
Supernatural,Demons,244
Supernatural,Horror,216
Supernatural,Military,33
Supernatural,Romance,254
Supernatural,Seinen,121
Supernatural,Shoujo,73
Supernatural,Historical,174
Supernatural,Samurai,25
Supernatural,SliceofLife,117
Supernatural,Psychological,86
Supernatural,Music,40
Supernatural,Josei,20
Supernatural,SuperPower,110
Supernatural,Game,17
Supernatural,Mecha,21
Supernatural,ShoujoAi,5
Supernatural,ShounenAi,17
Supernatural,Ecchi,107
Supernatural,Harem,54
Supernatural,School,159
Supernatural,Thriller,51
Supernatural,Dementia,23
Supernatural,MartialArts,37
Supernatural,Sports,3
Supernatural,Kids,63
Supernatural,Parody,26
Supernatural,Yaoi,2
Supernatural,Cars,1
Magic,Game,27
Magic,Fantasy,634
Magic,Romance,186
Magic,Seinen,30
Magic,School,113
Magic,Shoujo,200
Magic,Harem,44
Magic,SuperPower,50
Magic,Ecchi,100
Magic,Mecha,25
Magic,ShoujoAi,5
Magic,Military,26
Magic,MartialArts,26
Magic,Historical,44
Magic,Demons,73
Magic,Horror,17
Magic,Psychological,14
Magic,SliceofLife,76
Magic,Parody,40
Magic,Vampire,7
Magic,Music,41
Magic,ShounenAi,5
Magic,Samurai,5
Magic,Kids,107
Magic,Thriller,9
Magic,Josei,1
Fantasy,SuperPower,127
Fantasy,Demons,181
Fantasy,Horror,87
Fantasy,Military,71
Fantasy,Romance,367
Fantasy,Seinen,75
Fantasy,Game,136
Fantasy,School,146
Fantasy,Shoujo,208
Fantasy,Historical,245
Fantasy,Samurai,26
Fantasy,Harem,88
Fantasy,Ecchi,161
Fantasy,Mecha,83
Fantasy,ShoujoAi,10
Fantasy,Psychological,36
Fantasy,MartialArts,138
Fantasy,Josei,19
Fantasy,ShounenAi,14
Fantasy,Kids,656
Fantasy,SliceofLife,163
Fantasy,Parody,75
Fantasy,Vampire,38
Fantasy,Sports,12
Fantasy,Dementia,21
Fantasy,Thriller,10
Fantasy,Music,134
Fantasy,Cars,3
Fantasy,Yaoi,1
Sports,SliceofLife,57
Sports,Cars,37
Sports,Seinen,46
Sports,School,162
Sports,MartialArts,21
Sports,Mecha,15
Sports,Romance,43
Sports,Shoujo,26
Sports,ShounenAi,2
Sports,Ecchi,26
Sports,Music,30
Sports,Yaoi,2
Sports,Game,10
Sports,Parody,15
Sports,SuperPower,14
Sports,Kids,44
Sports,Psychological,2
Sports,Historical,8
Sports,Demons,2
Sports,Josei,5
Sports,Military,5
Sports,Harem,1
Sports,Horror,1
Sports,Dementia,1
Josei,Romance,39
Josei,SliceofLife,33
Josei,Demons,7
Josei,ShounenAi,3
Josei,School,11
Josei,Horror,2
Josei,Music,7
Josei,Military,3
Josei,Historical,19
Josei,Samurai,8
Josei,Harem,5
Josei,Vampire,3
Josei,Game,4
Josei,Ecchi,2
Josei,Thriller,1
Romance,SliceofLife,281
Romance,School,508
Romance,Demons,79
Romance,Horror,32
Romance,Military,77
Romance,Seinen,127
Romance,Historical,166
Romance,MartialArts,68
Romance,Samurai,17
Romance,Shoujo,278
Romance,Harem,256
Romance,Mecha,90
Romance,Ecchi,269
Romance,ShoujoAi,31
Romance,SuperPower,35
Romance,Psychological,33
Romance,Music,129
Romance,ShounenAi,54
Romance,Kids,31
Romance,Vampire,25
Romance,Cars,2
Romance,Parody,25
Romance,Dementia,8
Romance,Thriller,11
Romance,Yaoi,19
Romance,Game,23
SliceofLife,Harem,21
SliceofLife,Music,170
SliceofLife,School,428
SliceofLife,Shoujo,131
SliceofLife,Ecchi,39
SliceofLife,ShoujoAi,31
SliceofLife,MartialArts,15
SliceofLife,Parody,32
SliceofLife,Mecha,16
SliceofLife,Military,12
SliceofLife,Historical,97
SliceofLife,Seinen,189
SliceofLife,Psychological,15
SliceofLife,SuperPower,7
SliceofLife,ShounenAi,19
SliceofLife,Kids,155
SliceofLife,Yaoi,2
SliceofLife,Dementia,1
SliceofLife,Game,26
SliceofLife,Demons,22
SliceofLife,Samurai,1
SliceofLife,Thriller,1
SliceofLife,Cars,4
SliceofLife,Horror,1
SliceofLife,Vampire,1
Cars,Seinen,21
Cars,Mecha,10
Cars,Kids,52
Cars,Game,9
Cars,School,1
Cars,Parody,3
Cars,Music,6
Cars,Horror,1
Cars,Historical,4
Cars,Dementia,1
Cars,Military,1
Cars,SuperPower,1
Seinen,Horror,48
Seinen,Psychological,51
Seinen,Thriller,16
Seinen,Military,37
Seinen,Historical,84
Seinen,Demons,23
Seinen,Mecha,32
Seinen,Ecchi,101
Seinen,Harem,16
Seinen,School,148
Seinen,MartialArts,22
Seinen,SuperPower,36
Seinen,Vampire,15
Seinen,Game,15
Seinen,Parody,27
Seinen,Samurai,24
Seinen,Dementia,3
Seinen,Music,14
Seinen,ShoujoAi,6
Seinen,Kids,1
Horror,Psychological,73
Horror,Thriller,34
Horror,Demons,66
Horror,Military,15
Horror,Mecha,10
Horror,Shoujo,15
Horror,Vampire,31
Horror,SuperPower,10
Horror,Historical,19
Horror,Dementia,37
Horror,Ecchi,15
Horror,ShounenAi,3
Horror,Samurai,5
Horror,MartialArts,8
Horror,School,28
Horror,Kids,12
Horror,Music,14
Horror,ShoujoAi,1
Horror,Parody,11
Horror,Game,3
Psychological,Thriller,51
Psychological,Dementia,38
Psychological,Mecha,40
Psychological,Shoujo,10
Psychological,Military,13
Psychological,Music,19
Psychological,Parody,5
Psychological,Historical,10
Psychological,Ecchi,7
Psychological,Game,17
Psychological,School,24
Psychological,ShoujoAi,2
Psychological,Demons,7
Psychological,MartialArts,3
Psychological,Samurai,1
Psychological,Yaoi,1
Psychological,ShounenAi,4
Psychological,Kids,2
Psychological,Harem,3
Psychological,SuperPower,6
Thriller,Dementia,6
Thriller,Demons,8
Thriller,Game,6
Thriller,Mecha,1
Thriller,Historical,3
Thriller,SuperPower,5
Thriller,Shoujo,1
Thriller,School,5
Thriller,Kids,1
Thriller,Vampire,2
Thriller,Military,2
Thriller,Parody,1
Thriller,ShounenAi,1
SuperPower,MartialArts,97
SuperPower,School,67
SuperPower,Shoujo,11
SuperPower,Ecchi,46
SuperPower,Harem,10
SuperPower,Vampire,8
SuperPower,Mecha,48
SuperPower,Parody,55
SuperPower,Samurai,11
SuperPower,Demons,24
SuperPower,Kids,67
SuperPower,Music,9
SuperPower,Military,22
SuperPower,Game,3
SuperPower,Historical,17
SuperPower,ShoujoAi,2
SuperPower,ShounenAi,1
MartialArts,Historical,117
MartialArts,Samurai,37
MartialArts,Mecha,9
MartialArts,Shoujo,6
MartialArts,Ecchi,28
MartialArts,School,38
MartialArts,Parody,7
MartialArts,Demons,28
MartialArts,Harem,8
MartialArts,Dementia,1
MartialArts,Game,5
MartialArts,Music,2
MartialArts,Military,5
MartialArts,Kids,18
MartialArts,ShounenAi,1
School,Shoujo,152
School,Harem,152
School,Ecchi,225
School,Mecha,36
School,ShoujoAi,39
School,Kids,55
School,Vampire,18
School,Parody,74
School,Military,38
School,Demons,34
School,ShounenAi,17
School,Historical,12
School,Game,39
School,Music,122
School,Dementia,3
School,Yaoi,3
School,Samurai,3
Ecchi,Harem,173
Ecchi,ShoujoAi,15
Ecchi,Mecha,35
Ecchi,Military,24
Ecchi,Parody,42
Ecchi,Samurai,9
Ecchi,Vampire,15
Ecchi,Demons,25
Ecchi,Historical,8
Ecchi,Music,14
Ecchi,Game,11
Ecchi,Kids,3
Ecchi,Dementia,5
Vampire,Military,7
Vampire,Shoujo,14
Vampire,ShounenAi,4
Vampire,Demons,8
Vampire,Parody,3
Vampire,Harem,15
Vampire,Kids,5
Vampire,Historical,4
Vampire,Samurai,1
Vampire,Music,5
Vampire,ShoujoAi,1
Military,Historical,60
Military,Demons,16
Military,Mecha,225
Military,Parody,12
Military,Shoujo,6
Military,ShoujoAi,2
Military,Kids,4
Military,Samurai,3
Military,Music,24
Military,Dementia,3
Military,Game,9
Military,Yaoi,1
Military,Harem,5
Historical,Samurai,135
Historical,Demons,76
Historical,Shoujo,66
Historical,Mecha,19
Historical,Parody,54
Historical,ShounenAi,7
Historical,Harem,9
Historical,Music,22
Historical,Kids,142
Historical,Yaoi,2
Historical,Dementia,3
Historical,Game,4
Dementia,Mecha,8
Dementia,Parody,10
Dementia,Shoujo,2
Dementia,ShoujoAi,1
Dementia,ShounenAi,1
Dementia,Music,177
Dementia,Demons,3
Dementia,Game,1
Dementia,Kids,1
Mecha,ShoujoAi,3
Mecha,Music,35
Mecha,Samurai,3
Mecha,Parody,56
Mecha,Shoujo,5
Mecha,Harem,22
Mecha,Kids,44
Mecha,Demons,4
Mecha,Game,16
Demons,Shoujo,49
Demons,Samurai,11
Demons,Game,12
Demons,Kids,32
Demons,Harem,16
Demons,Parody,7
Demons,Music,9
Samurai,Parody,32
Samurai,Yaoi,2
Samurai,Harem,3
Samurai,Music,6
Samurai,Kids,16
Samurai,Shoujo,1
Samurai,Game,1
Game,Harem,1
Game,Kids,46
Game,Parody,23
Game,Music,27
Game,Shoujo,1
Game,ShounenAi,1
Game,ShoujoAi,1
Shoujo,Music,82
Shoujo,ShoujoAi,7
Shoujo,ShounenAi,17
Shoujo,Kids,35
Shoujo,Harem,35
Shoujo,Parody,5
Harem,ShounenAi,1
Harem,Music,16
Harem,Parody,15
Music,ShounenAi,5
Music,Yaoi,3
Music,Kids,550
Music,Parody,19
Music,ShoujoAi,2
ShoujoAi,Parody,2
ShoujoAi,ShounenAi,1
ShounenAi,Parody,3
ShounenAi,Yaoi,1
Kids,Parody,27
Parody,Yaoi,1
